Name,Repository,Repository Stars Count,Repository Forks Count,Repository Domain,Summary,Categories,Added,Last Updated
Schiffe versenken (Privacy Friendly),https://github.com/SecUSo/privacy-friendly-battleship,14.0,6.0,github.com,(SECUSO) Play the battleship game on your smartphone without ads or permissions,Games,2024-02-24,2024-02-24
Dollphone Icon Pack,https://github.com/JapanYoshi/dollphone-foss,29.0,5.0,github.com,Cute icon pack that isn‚Äôt overly hyperactive,Theming,2024-02-24,2024-02-28
Oshi Uploader,https://codeberg.org/quecomet/oshi,3.0,0.0,codeberg.org,an Android app that can upload to any Oshi instance,Internet,2024-02-11,2024-02-11
Broker 1961,https://github.com/VelbazhdSoftwareLLC/Broker-1961-for-Android,4.0,2.0,github.com,Very attractive board game which was created in 1961 for trading shares,Games,2024-02-11,2024-02-11
WG Auto Connect,https://github.com/MarioNoll/WG-Auto-Connect,4.0,1.0,github.com,Auto connect to a WireGuard tunnel,"Connectivity, Security",2024-02-11,2024-02-11
DailyLog,https://github.com/madCode/dailylog,4.0,2.0,github.com,A quick-logging notes app with customizable shortcut buttons.,Writing,2024-02-11,2024-02-11
whoBIRD,https://github.com/woheller69/whoBIRD,61.0,3.0,github.com,"Recognize birds by their sounds, anywhere in the world!",Science & Education,2024-02-06,2024-02-28
Swatch .beat clock,https://git.mirkodi.eu/mirk0dex/swatchbeatclock,,,git.mirkodi.eu,Internet Time clock and converter,Time,2024-02-06,2024-02-17
FoCal,https://gitlab.com/mydoli/focal,0.0,0.0,gitlab.com,FoCal enables you to create your personal photo calendar,Multimedia,2024-01-30,2024-01-30
Carrion,https://gitlab.com/divested-mobile/carrion,9.0,1.0,gitlab.com,Block spoofed calls,Phone & SMS,2024-01-26,2024-02-24
Same,https://gitlab.com/Smo876/Same,0.0,2.0,gitlab.com,"Two colors, nine fields. Make them all the same.",Games,2024-01-26,2024-01-26
Valentin's PowerTools #002 - Passwords to remember,https://github.com/v4lpt/pwg,6.0,1.0,github.com,Generates human speakable and readable passwords,Security,2024-01-22,2024-01-22
Fossify Phone,https://github.com/FossifyOrg/Phone,248.0,19.0,github.com,"Unlock a secure, open-source calling experience with Fossify Phone",Phone & SMS,2024-01-22,2024-01-22
Brailliac: Braille Keyboard,https://github.com/Brailliac/BrailleKeyboard,5.0,1.0,github.com,System keyboard based on a Braille cell!,"Science & Education, System, Writing",2024-01-22,2024-01-22
Fossify File Manager,https://github.com/FossifyOrg/File-Manager,282.0,14.0,github.com,"Handy, lightweight, open-source file explorer with essential features.",System,2024-01-15,2024-01-15
Fossify Calendar,https://github.com/FossifyOrg/Calendar,374.0,30.0,github.com,"Securely plan, schedule, and set reminders with our private calendar app.",Time,2024-01-15,2024-01-15
Edifier RC10D1,https://github.com/norbicki/Edifier-RC10D1,1.0,0.0,github.com,Unofficial remote control for Edifier R2730DB speakers,"Connectivity, Multimedia, Phone & SMS",2024-01-15,2024-01-15
AndroidIDE,https://github.com/AndroidIDEOfficial/AndroidIDE,1776.0,219.0,github.com,AndroidIDE is an IDE for Android to develop full featured Android apps.,Development,2024-01-07,2024-01-26
Cuscon,https://github.com/MiepHD/cuscon,30.0,5.0,github.com,Icon pack with varied shapes,Theming,2024-01-01,2024-02-19
Bluetooth LE Spam,https://github.com/simondankelmann/Bluetooth-LE-Spam,2993.0,241.0,github.com,"Impersonate Bluetooth Low Energy devices, causing pop-ups on receiving devices.","Connectivity, Development, Science & Education",2023-12-27,2024-01-22
GuessIron,https://github.com/mobeil1/GuessIron,40.0,4.0,github.com,Measure things with your cell phone,System,2023-12-27,2024-01-30
Vibrator,https://github.com/LukeNeedham/Vibrator,12.0,2.0,github.com,A simple app for starting and stopping the system vibrator,"Development, System",2023-12-27,2024-01-26
Timed Shutdown [No Root],https://github.com/maforn/TimedShutdownAndroid,16.0,2.0,github.com,This app emulates manual gestures to power off the phone.,"System, Time",2023-12-25,2024-02-24
Bluemoon,https://gitlab.com/ngrob/bluemoon-android,6.0,1.0,gitlab.com,"Open source, privacy friendly menstruation tracking app. Your period, your data!",Sports & Health,2023-12-25,2024-02-13
Edifier RC18A,https://github.com/norbicki/Edifier-RC18A,1.0,0.0,github.com,Unofficial remote control for Edifier R1855DB speakers,"Connectivity, Multimedia, Phone & SMS",2023-12-23,2023-12-23
Edifier RC10E,https://github.com/norbicki/Edifier-RC10E,2.0,0.0,github.com,,"Connectivity, Multimedia, Phone & SMS",2023-12-23,2023-12-23
EHHelper,https://github.com/thiagooo0/EHHelper,0.0,1.0,github.com,Ehang helper to use Douyin,Multimedia,2023-12-18,2023-12-18
Clock Screensaver,https://github.com/schorschii/FsClock-Android,72.0,35.0,github.com,Fullscreen Analog- and Digital Clock with Event View,"Graphics, Theming",2023-12-16,2024-02-13
Keep Alive,https://github.com/keepalivedev/KeepAlive,112.0,7.0,github.com,Notify others if you haven't used your device in a given period of time,"Phone & SMS, Sports & Health",2023-12-16,2024-02-11
AniHyou - AniList client,https://github.com/axiel7/AniHyou-android,197.0,3.0,github.com,Another unofficial Android AniList client,"Internet, Multimedia, Reading",2023-12-16,2024-01-26
LibreBible,https://git.sr.ht/~jiglesias/librebible,,,git.sr.ht,The libre software Latin Vulgate Bible reader for Android.,"Reading, Science & Education",2023-12-08,2023-12-08
EasySync,https://github.com/phpbg/easysync,44.0,2.0,github.com,"Synchronize your phone with your WebDAV server, the easy way.","Connectivity, Internet, Multimedia, System",2023-12-04,2024-02-11
Karma Firewall,https://github.com/stargw-net/karma-firewall,94.0,9.0,github.com,Karma Firewall blocks apps from accessing the Internet,Security,2023-12-01,2023-12-25
eXch.,https://github.com/pitonite/exch_cx,6.0,1.0,github.com,Automatic Cryptocurrency Swaps,Money,2023-12-01,2023-12-28
FREE Browser,https://github.com/woheller69/browser,114.0,15.0,github.com,Privacy browser with Greasemonkey style script support and Cookie Banner Blocker,Internet,2023-11-15,2024-02-13
FreePaint,https://github.com/pastthepixels/FreePaint,41.0,1.0,github.com,A vector graphics drawing app for Android.,Graphics,2023-11-15,2023-11-15
LiveWallpaperIt - Muzei plugin for Reddit,https://github.com/TBog/live-wallpaper-it,5.0,0.0,github.com,"Plugin for Muzei, live wallpaper from Reddit","System, Theming",2023-11-14,2023-12-12
Flip a coin,https://gitlab.com/ecos-logic/flip-a-coin,0.0,1.0,gitlab.com,Game to help you to choose between two options!!.,Games,2023-11-13,2023-12-28
Bible Verse App,https://github.com/joshuabeny1999/BibleVerseApp,3.0,0.0,github.com,Daily Bible verses from BibleGateway.com with widgets & notifications,"Reading, Science & Education",2023-11-13,2023-11-13
Aster Launcher,https://github.com/neophtex/AsterLauncher,16.0,2.0,github.com,minimalist productivity launcher,System,2023-11-02,2023-12-08
Friend Alert,https://gitlab.com/audreanne/friend-alert,3.0,0.0,gitlab.com,Nurture distant friendships with timely reminders,Time,2023-10-25,2023-11-07
LibreRandonaut,https://github.com/librerandonaut/librerandonaut,7.0,1.0,github.com,Randonauting - explore your surroundings with quantum randomness,Science & Education,2023-10-25,2023-11-17
Candle,https://github.com/elastic-rock/Candle,11.0,1.0,github.com,A display flashlight,System,2023-10-25,2024-01-03
NanoLedger,https://github.com/chvp/NanoLedger,25.0,2.0,github.com,Data entry app for plain text accounting,Money,2023-10-25,2024-02-13
huggingAssist,https://github.com/woheller69/huggingassist,53.0,4.0,github.com,WebView wrapper for HuggingChat,Science & Education,2023-10-22,2024-01-05
TIDY Text-to-Image Discovery,https://github.com/slavabarkov/tidy,99.0,10.0,github.com,Offline semantic Text-to-Image and Image-to-Image search on Android,"Graphics, Multimedia",2023-10-20,2023-10-20
Fast Draw,https://github.com/peterfajdiga/FastDraw,29.0,5.0,github.com,A simple Android launcher with categories,System,2023-10-10,2024-02-24
Valv,https://github.com/Arctosoft/Valv-Android,74.0,4.0,github.com,An encrypted gallery vault for Android devices,"Multimedia, Security",2023-09-30,2024-02-24
Copy SMS Code - OTP Helper,https://github.com/jd1378/otphelper,233.0,22.0,github.com,an open-source app that can detect and copy any code for you,System,2023-09-30,2024-02-13
WiVeWa,https://codeberg.org/wivewa/wivewa-android,0.0,1.0,codeberg.org,Client for the WiVeWa system,"Internet, Phone & SMS",2023-09-30,2024-02-02
DumpSeeker,https://github.com/woheller69/dumpseeker,3.0,0.0,github.com,DumpSeeker shows sanitary dump stations for camper vans listed in OpenStreetMap,Navigation,2023-09-25,2024-01-26
TTL Changer,https://github.com/aleksey-saenko/TTLChanger,32.0,1.0,github.com,An app to change default TTL value,"Internet, System",2023-09-25,2023-10-12
Translate You,https://github.com/you-apps/TranslateYou,736.0,34.0,github.com,Privacy focused translator app built with MD3,Science & Education,2023-09-25,2024-02-06
Record You,https://github.com/you-apps/RecordYou,537.0,21.0,github.com,Privacy focused voice and screen recorder app build with MD3,System,2023-09-25,2024-02-06
Connect You,https://github.com/you-apps/ConnectYou,410.0,17.0,github.com,Privacy focused contacts and SMS messenger app build with MD3,System,2023-09-25,2024-02-06
ChemistryLab,https://gitlab.com/asdoi/ChemistryLab,1.0,0.0,gitlab.com,A chemical laboratory simulation app for Android,"Multimedia, Science & Education",2023-09-19,2023-09-19
OpenBike,https://codeberg.org/cyberme0w/open-bike/,6.0,1.0,codeberg.org,"A lightweight, open-source NextBike client for Android",Navigation,2023-09-12,2024-01-30
Open Stable Diffusion,https://github.com/Jokimax/OpenStableDiffusion,57.0,2.0,github.com,An app for generating images using AI,Graphics,2023-09-06,2024-02-11
MRMCD 2023 Schedule,https://github.com/johnjohndoe/CampFahrplan,23.0,4.0,github.com,Schedule for the MRMCD conference,Time,2023-09-01,2023-09-01
STARGW FX,https://github.com/StarGW-net/stargw-fx,6.0,0.0,github.com,A simple Foreign Exchange Rate Currency app. Free rates and no adverts.,Money,2023-08-26,2023-08-26
LibrePass,https://github.com/LibrePass/LibrePass-Android,87.0,5.0,github.com,Take control of your passwords,Security,2023-08-26,2024-01-03
Bibel-Kapitel-Losung,https://gitlab.com/y1273/bibelkapitellosung,1.0,1.0,gitlab.com,Draws randomly a bible chapter by touching a button,Reading,2023-08-26,2023-08-26
BitBanana,https://github.com/michaelWuensch/BitBanana,80.0,9.0,github.com,Lightning Node Management for Android,Money,2023-08-26,2023-10-04
Cigal√≥,https://codeberg.org/retiolus/Cigalo,0.0,0.0,codeberg.org,Introducing Cigal√≥: The Open Source Android Drinking Game App!,Games,2023-08-22,2024-02-11
AutoNotify,https://github.com/zehuanli/AutoNotify,3.0,0.0,github.com,Relay notifications of any apps to Android Auto,System,2023-08-22,2023-08-22
Wall You,https://github.com/you-apps/WallYou,490.0,29.0,github.com,Privacy focused wallpaper app build with MD3,System,2023-08-22,2024-02-06
Clock You,https://github.com/you-apps/ClockYou,353.0,22.0,github.com,Privacy focused clock app build with MD3,System,2023-08-22,2024-02-06
Contacts Import,https://github.com/StarGW-net/contacts-import,7.0,0.0,github.com,Import your CSV contacts from a desktop client without any cloud syncing.,Phone & SMS,2023-08-14,2023-08-14
Contacts,https://github.com/StarGW-net/contacts,1.0,0.0,github.com,Contacts Organised by Group,System,2023-08-14,2023-08-22
AppList,https://github.com/StarGW-net/app-list,18.0,1.0,github.com,A free simple app to list all Apps,System,2023-08-10,2023-12-25
Bhagavad Gita,https://github.com/WirelessAlien/BhagavadGitaApp,41.0,6.0,github.com,A Simple Android App for Bhagavad Gita,Reading,2023-08-10,2024-02-15
SimpMusic,https://github.com/maxrave-dev/SimpMusic,973.0,83.0,github.com,A simple music app using YouTube Music for backend,Multimedia,2023-08-07,2024-02-19
StarGW Weight,https://github.com/StarGW-net/stargw-fat,5.0,1.0,github.com,A free simple app to record your weight,Sports & Health,2023-08-05,2023-08-05
Geekttrss,https://github.com/fbarthelery/geekttrss,46.0,4.0,github.com,A Tiny Tiny RSS reader with transparent offline mode,"Internet, Reading",2023-08-05,2023-08-05
Exercise Reminders,https://github.com/ChristopherRogers1991/ExerciseReminders,1.0,0.0,github.com,Notifications to do simple exercises at regular intervals.,Sports & Health,2023-07-31,2023-08-07
OpenBooksDownloader,https://github.com/NimaKhajehpour/OpenBooksDownloader,19.0,0.0,github.com,This is an app that uses dbooks.org api to download open published books.,Reading,2023-07-31,2023-07-31
Habits,https://github.com/willbsp/habits,90.0,5.0,github.com,Habits is an app for tracking and helping to maintain good habits.,Sports & Health,2023-07-24,2023-10-04
Keep Screen On,https://github.com/elastic-rock/KeepScreenOn,79.0,4.0,github.com,A screen timeout quick settings tile,System,2023-07-12,2024-01-30
BG2BangleJS,https://codeberg.org/phrogg/BG2BangleJSApp,1.0,0.0,codeberg.org,With this app you can get your BG values onto the BangleJS!,"Connectivity, System",2023-07-10,2023-07-10
Pagan Music Sequencer,https://burnsomni.net/git/pagan,,,burnsomni.net,A Moderately Esoteric Music Sequencer,Multimedia,2023-07-10,2024-02-02
Tasky,https://github.com/thatsmanmeet/Tasky,154.0,5.0,github.com,Tasky is a highly intuitive and easy-to-use todo list app,Time,2023-07-05,2023-12-14
Achie,https://github.com/IgorKruchinin/AchieApp,3.0,0.0,github.com,It's a simple app for registering achievements,Time,2023-06-29,2023-06-29
FastLyrics,https://github.com/TecCheck/FastLyrics,88.0,5.0,github.com,"An app that downloads lyrics for the song, you're listening to",Multimedia,2023-06-27,2024-02-13
Welefon,https://codeberg.org/wivewa/wivewa-dialer-android,4.0,1.0,codeberg.org,Phone with API,"Phone & SMS, System",2023-06-27,2024-02-28
ZipXtract FD,https://github.com/WirelessAlien/ZipXtract,224.0,9.0,github.com,ZipXtract can extract and create archive,System,2023-06-27,2024-02-19
Broccoli: The Green Recipe App,https://github.com/flauschtrud/broccoli,45.0,4.0,github.com,"Recipe manager, cooking assistant, seasonal calendar: the eco-friendly cookbook.",Sports & Health,2023-06-27,2023-09-12
Inventory,https://github.com/codelv/inventory,10.0,1.0,github.com,A simple app for managing inventory of electronic components.,Development,2023-06-27,2023-11-08
SDCard StoryTeller,https://github.com/fparrel/SDCardStoryTeller,2.0,1.0,github.com,Play stories in Lunii¬Æ format from the SDCard,Games,2023-06-25,2023-06-25
Photo Editor,https://github.com/burhanrashid52/PhotoEditor,3968.0,966.0,github.com,"A Photo Editor app with simple, easy support for image editing using Paints, Tex",Graphics,2023-06-25,2023-06-25
Coin Collection,https://github.com/anwilli5/coin-collection-android-US,9.0,5.0,github.com,Coin Collection helps people organize their U.S. coin collections,Money,2023-06-23,2024-02-19
Amethyst,https://github.com/vitorpamplona/amethyst,1011.0,143.0,github.com,Nostr Client for Android,Internet,2023-06-18,2024-02-19
OneShot,https://github.com/ptrLx/OneShot,37.0,2.0,github.com,Remember the happy days!,"Multimedia, Writing",2023-06-06,2023-06-06
Nextcloud Tables,https://github.com/stefan-niedermann/nextcloud-tables,25.0,2.0,github.com,Companion app for Nextcloud Tables,Internet,2023-06-02,2023-07-24
Digits,https://github.com/foxtrotdev/learn-digits,11.0,2.0,github.com,App dedicated to children to learn numbers in an interactive and fun way!,Games,2023-06-02,2023-09-06
gaika,https://gitlab.com/josuigoa/gaika_android,0.0,1.0,gitlab.com,Application for the separation of waste,Science & Education,2023-06-02,2023-06-02
ClearClipboard,https://github.com/amnesica/ClearClipboard,20.0,3.0,github.com,Clear the clipboard with just one tap on the app icon,System,2023-06-02,2023-06-02
URL to PDF Converter,https://github.com/tawhidmonowar/URLtoPDFConverter,65.0,10.0,github.com,URL to PDF Converter allows users to convert any web page into a PDF file.,"Internet, Reading",2023-05-28,2024-01-03
KryptEY,https://github.com/amnesica/KryptEY,544.0,21.0,github.com,Keyboard for secure E2EE communication through signal protocol in any messenger,"Security, System",2023-05-28,2023-05-28
SaverTuner,https://codeberg.org/s1m/savertuner,12.0,5.0,codeberg.org,Extension to the built-in Android Battery Saver,System,2023-05-26,2023-12-03
gptAssist,https://github.com/woheller69/gptassist,201.0,7.0,github.com,WebView wrapper for ChatGPT,Science & Education,2023-05-26,2024-01-07
Audio Notes,https://github.com/certified84/AudioNote,76.0,5.0,github.com,take audio notes (recordings),Multimedia,2023-05-26,2023-05-26
Sensor Server,https://github.com/umer0586/SensorServer,169.0,24.0,github.com,Stream phone's sensors to websocket clients,Connectivity,2023-05-22,2024-02-28
LibreSudoku,https://github.com/kaajjo/Libre-Sudoku,244.0,20.0,github.com,Sudoku app for Android,Games,2023-05-02,2023-05-02
Captive Portal Controller,https://github.com/MuntashirAkon/CaptivePortalController,82.0,6.0,github.com,Control how Android detects captive portal.,System,2023-04-30,2023-04-30
BookWyrm,https://github.com/PrivacyDragon/Bookwyrm_Android,22.0,1.0,github.com,A BookWyrm client for Android.,Reading,2023-04-27,2023-04-27
solXpect,https://github.com/woheller69/solxpect,55.0,3.0,github.com,solXpect forecasts the output of your solar power plant,"Internet, Science & Education",2023-04-20,2023-09-30
ParkenUlm,https://github.com/bircni/ParkenUlmAndroid,2.0,0.0,github.com,"see the current usage of the parking garages in Ulm, Germany",Navigation,2023-04-20,2024-01-01
Jellyfin for Android TV,https://github.com/jellyfin/jellyfin-androidtv,2134.0,362.0,github.com,"Television client for Jellyfin, the free software media system",Multimedia,2023-04-01,2024-02-15
Simple Contacts Pro SE,https://github.com/stephanritscher/Simple-Contacts,53.0,2.0,github.com,Extended version of Simple Contacts Pro that supports separate address fields,Phone & SMS,2023-03-11,2023-08-17
GuessThatPokemon,https://github.com/NimaKhajehpour/GuessThatPokemon,17.0,0.0,github.com,A game where you guess pokemon names and you capture them.,Games,2023-02-25,2023-06-06
TouchDroid,https://github.com/vitaminncpp/TouchDroid,147.0,7.0,github.com,Use your Android Device as Touchpad.,System,2023-02-25,2023-02-25
omWeather,https://github.com/woheller69/omweather,253.0,13.0,github.com,Weather and rain radar for any location - worldwide,Internet,2023-02-23,2023-12-30
Who Here,https://gitlab.com/josef.hoppe/who-here/,0.0,1.0,gitlab.com,See how well you know your friends by answering questions together.,Games,2023-02-18,2023-02-18
MyMood,https://github.com/NimaKhajehpour/MyMood,25.0,1.0,github.com,Simple and minimalistic app to track your daily mood with.,"Sports & Health, Writing",2023-02-09,2023-09-19
ArityCalc,https://github.com/woheller69/Arity,98.0,2.0,github.com,Scientific calculator for Android 5+,Science & Education,2023-02-03,2023-11-07
Amarok,https://github.com/deltazefiro/Amarok-Hider,1077.0,39.0,github.com,Hide your private Files and APPs with a single click.,"Security, System",2023-02-03,2024-02-13
VergissNix,https://github.com/andipabst/vergiss-nix,3.0,0.0,github.com,Create short and simple reminders.,Writing,2023-02-03,2023-12-27
WikiAnime,https://github.com/NimaKhajehpour/WikiAnime,9.0,0.0,github.com,Wiki Anime is an application that gives you details about your favorite anime.,"Internet, Reading",2023-01-26,2023-02-03
Task Manager,https://github.com/NimaKhajehpour/TaskManager,5.0,0.0,github.com,A regular app to track the tasks you want to do in a day.,Writing,2023-01-26,2023-02-03
Demo Musix,https://github.com/NimaKhajehpour/DemoMusix,4.0,0.0,github.com,Listen to short demo version of any song you want.,"Internet, Multimedia",2023-01-26,2023-01-26
PocketPlan,https://github.com/RayLeaf-Studios/PocketPlan,96.0,7.0,github.com,To-do list ‚úîÔ∏è Birthdays üéÇ Notes üìù Shopping list üìú Sleep reminder üí§,Writing,2023-01-16,2024-01-11
Phase10Counter,https://github.com/etwasmitbaum/Phase10Counter,6.0,2.0,github.com,Small App to keep track of your Phase10 game! Optimised for Phones and Tablets.,Games,2023-01-08,2024-01-26
Dicio assistant,https://github.com/Stypox/dicio-android,569.0,60.0,github.com,"Voice assistant: multilanguage, configurable and free","Internet, System",2022-12-28,2023-09-19
NATO Alphabet Memorizer,https://github.com/LeoColman/NATO-Alphabet-Memorizer,4.0,0.0,github.com,Learn the NATO phonetic alphabet,Science & Education,2022-12-16,2022-12-19
Clock31,https://github.com/adolfintel/Clock31,21.0,0.0,github.com,Clock + Calendar combo widget for Android,"Theming, Time",2022-12-13,2023-02-12
Tux Math,https://gitlab.com/Afrikalan/tuxmath-android,2.0,0.0,gitlab.com,,"Games, Science & Education",2022-12-11,2023-03-11
Monly,https://github.com/asafonov/monly.apk,3.0,1.0,github.com,Monly is an awesome budget planner,Money,2022-12-06,2023-04-06
TimeLapseCam,https://github.com/woheller69/timelapsecamera,48.0,6.0,github.com,Minimalistic app that records time lapse videos,Multimedia,2022-12-05,2023-08-05
UDP Bus,https://github.com/vi/android-udp-bus,9.0,2.0,github.com,tool to exchange UDP packets,Internet,2022-12-05,2022-12-05
JaMuz,https://github.com/phramusca/JaMuz-Remote,7.0,4.0,github.com,,Multimedia,2022-12-04,2023-02-20
OSS Tracker,https://github.com/jroddev/android-oss-release-tracker,93.0,3.0,github.com,keep track of updates to Open Source Applications directly from the Repositories,System,2022-12-03,2022-12-14
Earth View for Muzei,https://github.com/RafhaanShah/Earth-View-Muzei,12.0,0.0,github.com,Google Earth View plugin for Muzei,Theming,2022-11-29,2024-02-15
gpsdRelay,https://github.com/project-kaat/gpsdRelay,28.0,8.0,github.com,Relay NMEA information from Android to gpsd.,"Connectivity, Navigation",2022-11-26,2023-05-07
Sapio,https://github.com/jonathanklee/Sapio,78.0,4.0,github.com,Android Open Source API compatibility,System,2022-11-20,2024-01-07
Sensorkraken,https://gitlab.com/sensorkraken/android-app,1.0,0.0,gitlab.com,Sensorkraken is an Android app to record raw sensor data for later processing.,Science & Education,2022-11-07,2023-09-25
Bookland,https://github.com/dhvl5/Bookland,35.0,2.0,github.com,Bookland is an android app where you can track all of your book readings.,Reading,2022-11-07,2022-11-07
YtAlarm,https://github.com/turtton/YtAlarm,6.0,1.0,github.com,A simple alarm application using ytdl-android.,"Internet, Multimedia, Time",2022-11-05,2022-11-05
MoeMemos,https://github.com/mudkipme/MoeMemosAndroid,405.0,44.0,github.com,"An app to help you capture thoughts & ideas, syncs with self-hosted Memos server",Writing,2022-11-05,2024-02-11
Smart Edge,https://github.com/abh80/smart-edge,189.0,24.0,github.com,Android alternative for Dynamic Island,"Multimedia, System",2022-10-17,2022-10-22
Lentil Translate,https://github.com/yaxarat/lingvaandroid,95.0,8.0,github.com,Privacy focused open source translator.,Reading,2022-10-02,2023-09-25
Mauth,https://github.com/X1nto/Mauth,327.0,14.0,github.com,A Material You Two-factor Authentication app.,Security,2022-10-02,2023-11-02
Fourth Tools,https://gitlab.com/leestarb/fourthtools,3.0,0.0,gitlab.com,Useful tools app,"Internet, Multimedia, Science & Education, Time",2022-10-02,2022-10-26
Octal Sun Time,https://github.com/votacom/octalsuntime,7.0,1.0,github.com,A clock for solar time in the octal number system,Time,2022-10-02,2022-12-10
Filester,https://github.com/roozbehzarei/filester,107.0,1.0,github.com,Simple file uploader,Internet,2022-09-29,2024-02-06
Better Internet Tiles,https://github.com/CasperVerswijvelt/Better-Internet-Tiles,107.0,9.0,github.com,Bring back Wi-Fi and mobile data tiles on Android 12 or higher,"Connectivity, Internet, Security, System",2022-09-29,2023-04-10
Time Clock,https://github.com/NicksPatties/timeclock,4.0,2.0,github.com,Keep track of the time you spend doing the things you want with this app,Time,2022-09-15,2022-09-15
Metronome,https://github.com/Kr0oked/Metronome,50.0,4.0,github.com,Simple and beautiful metronome,Multimedia,2022-09-14,2023-12-18
Personal Stuff,https://github.com/rh-id/a-personal-stuff,21.0,5.0,github.com,"App used to track, manage and remind you of your own stuff.",Time,2022-09-09,2023-06-16
JSlab,https://github.com/fps/JSlab,9.0,0.0,github.com,A simple android app for evaluating JavaScript code in a browser context.,"Development, Internet, Science & Education",2022-09-04,2022-09-04
LavSeeker,https://github.com/woheller69/lavatories,67.0,4.0,github.com,LavSeeker shows toilets listed in OpenStreetMap,Navigation,2022-09-02,2023-12-23
SkyTube Legacy,https://github.com/SkyTubeTeam/SkyTubeLegacy,34.0,6.0,github.com,An open source YouTube client for legacy devices,"Internet, Multimedia",2022-08-29,2023-08-22
Markdown Widget,https://github.com/Tiim/Android-Markdown-Widget,63.0,6.0,github.com,Display markdown files as widgets on the home screen,"Reading, System",2022-08-21,2022-08-23
Remote Video Camera,https://github.com/izivkov/RemoteVideoCam,102.0,14.0,github.com,Stream video/audio between two phones. Zero configuration.,Connectivity,2022-08-19,2024-02-06
Discuz Hub,https://github.com/kidozh/DiscuzHub,88.0,29.0,github.com,Lightweight Discuz! Android app,Internet,2022-08-17,2022-08-17
Hydra,https://github.com/ZeusWPI/hydra-android,21.0,12.0,github.com,Hydra gives you access to Ghent University wherever you are.,"Internet, Science & Education",2022-08-15,2024-02-17
An Light | Flashlight,https://github.com/neophtex/An-Light-Flashlight,11.0,3.0,github.com,A simple open source flashlight app,System,2022-08-11,2022-11-05
MyHackerspace (New),https://github.com/spaceapi-community/my-hackerspace,22.0,3.0,github.com,View information about hacker- and makerspaces,Internet,2022-08-11,2023-10-08
Bangle.js Gadgetbridge,https://codeberg.org/Freeyourgadget/Gadgetbridge,766.0,321.0,codeberg.org,Android companion app for Bangle.js built on top of the Gadgetbridge project.,"Connectivity, Navigation, System",2022-08-09,2024-02-28
R√©seau Discord Artivain,https://github.com/GoudronViande24/reseau-discord-app,1.0,0.0,github.com,Simple app to check if a Discord ID is listed on Reseau Discord Artivain API.,"Internet, Security",2022-08-09,2022-08-09
HardWhere,https://github.com/seemoo-lab/Hardwhere,9.0,2.0,github.com,"Asset management app for snipe-it, requires a custom setup","Internet, Navigation",2022-08-04,2022-08-04
Trivia You,https://github.com/you-apps/TriviaYou,82.0,4.0,github.com,Trivia App for Android built with Material You,"Games, Multimedia",2022-08-04,2023-05-19
ArcheryStats,https://github.com/APN-Pucky/ArcheryStats,1.0,0.0,github.com,App to save archery scores,Sports & Health,2022-07-28,2022-08-04
hJOP Driver,https://github.com/kmzbrnoI/hJOPandroidDriver,3.0,4.0,github.com,hJOP Driver allows user to control model railroad via hJOPserver,"Games, Science & Education",2022-07-26,2023-12-20
Seal,https://github.com/JunkFood02/Seal,6573.0,315.0,github.com,Video/Audio downloader designed and themed with Material You,Multimedia,2022-07-26,2023-12-18
Chess Clock,https://github.com/ChessCom/android-chessclock,59.0,25.0,github.com,Adjust your favorite timer to play chess online with friends!,Games,2022-07-18,2023-01-26
Conscrypt Provider,https://github.com/mendhak/Conscrypt-Provider,13.0,2.0,github.com,Conscrypt Provider provides TLS 1.3 to apps supporting older Android devices,System,2022-07-18,2022-07-24
Palette-Cycle,https://github.com/ManApart/palette-cycle,17.0,3.0,github.com,Live Wallpaper with art from Mark Ferrari and Joseph Huckaby's Canvas Cycle Demo,Theming,2022-07-18,2024-01-11
WebSDR client,https://github.com/natsuru-san/WebSDR,4.0,1.0,github.com,OnlineSDR receiver,Multimedia,2022-07-18,2022-07-18
Deep Rock Galactic Assistant,https://github.com/vladrip/drgassistant,2.0,0.0,github.com,Assistant for Deep Rock Galactic - game about dwarves in space. Rock and Stone!,Games,2022-07-17,2023-02-03
PSLab Android App,https://github.com/fossasia/pslab-android,2036.0,798.0,github.com,Pocket Science Lab Android interface for PSLab hardware,Science & Education,2022-07-17,2022-07-17
Passky,https://github.com/Rabbit-Company/Passky-Android,37.0,2.0,github.com,"simple, modern and open source password manager",Security,2022-07-17,2022-09-29
Casio G-Shock Smart Sync,https://github.com/izivkov/CasioGShockPhoneSync,76.0,8.0,github.com,"Add smart functions to your Casio square BT G-Shock (B5600, B5000, B2100)",Time,2022-07-09,2024-02-24
Mygeo,https://gitlab.com/calantas/mygeo,0.0,1.0,gitlab.com,Share your Geo Location as Latitude and Longitude with your own template.,Navigation,2022-07-09,2022-07-09
CTU Menza,https://github.com/Lastaapps/menza,34.0,2.0,github.com,"Dish menus from CTU cafeterias, offers a modern UI and functionality.",Science & Education,2022-06-17,2024-02-24
My Brain,https://github.com/mhss1/MyBrain,1008.0,68.0,github.com,"All in one app for Tasks, Notes, Events and more",Writing,2022-06-09,2023-11-07
aksharam,https://github.com/NyxTrail/aksharam,11.0,1.0,github.com,A reference app for Indian language scripts,"Science & Education, Writing",2022-05-29,2023-06-10
Speaker,https://github.com/danielgjackson/speaker,14.0,1.0,github.com,Bluetooth speaker fix: play background sound,Multimedia,2022-05-29,2022-06-14
Noise Cancelling,https://github.com/danielgjackson/noisecancel,37.0,1.0,github.com,Turn off noise cancellation on Bose headphones,Multimedia,2022-05-29,2022-06-14
Odysee,https://github.com/OdyseeTeam/odysee-android-floss,47.0,4.0,github.com,Explore a whole universe of videos on Odysee from regular people just like you!,Internet,2022-05-20,2023-10-04
FTPClient,https://codeberg.org/qwerty287/ftpclient,16.0,7.0,codeberg.org,"A simple FTP, FTPS and SFTP client for Android",Internet,2022-05-09,2024-01-05
Pitch pipe,https://github.com/bmaupin/android-pitchpipe,4.0,2.0,github.com,Simple instrument pitch pipe,Multimedia,2022-04-26,2023-03-05
Olauncher Clutter Free,https://github.com/OlauncherCF/OlauncherCF,157.0,30.0,github.com,"Forked from Olauncher, -clutter, +features",Theming,2022-04-21,2023-04-10
ListMaker,https://github.com/harr1424/ListMaker,4.0,0.0,github.com,A simple and easy to use list application,Writing,2022-04-18,2022-05-18
Battery Notification,https://github.com/TylerWilliamson/BatteryNotification,25.0,4.0,github.com,Battery stats at a glance!,System,2022-04-18,2022-08-23
Gas Prices,https://github.com/woheller69/spritpreise,89.0,6.0,github.com,Gas Prices shows the current prices at petrol stations in Germany,Navigation,2022-04-18,2023-12-30
Pineapple Lock Screen (OSS),https://github.com/BLumia/pineapple-lock-screen,25.0,0.0,github.com,Help you turn your phone screen off (lock screen) without using power button.,System,2022-04-18,2023-10-20
Chiki Chiki Tube,https://github.com/AbdullahSako/ChikiChikiTube-Android,8.0,1.0,github.com,"Stream Gaki no tsukai, Wednesday Downtown and more","Internet, Multimedia",2022-04-18,2023-02-22
Fall,https://github.com/Gh05t-1337/Fall,24.0,2.0,github.com,Lets your phone scream if it moves too fast,Games,2022-04-08,2022-04-17
Aodify,https://github.com/x13a/Aodify,5.0,0.0,github.com,Show AOD on demand,System,2022-04-08,2022-04-08
PolyCal,https://github.com/jasongyorog/PolyCal,9.0,6.0,github.com,"colorful, text-based calendar widget",Time,2022-04-05,2022-04-13
Cams,https://github.com/vladpen/cams,106.0,17.0,github.com,Simple RTSP viewer for IP cameras,Multimedia,2022-03-25,2024-01-05
Always On Display Toggle,https://github.com/Alberto97/AlwaysOnDisplayToggle,16.0,2.0,github.com,Toggle Always on Display from the quick settings panel,System,2022-03-25,2023-08-17
Medic Log,https://github.com/rh-id/a-medic-log,11.0,1.0,github.com,A simple and easy to use personal medical notes,Sports & Health,2022-03-22,2023-06-06
Duress,https://github.com/x13a/Duress,306.0,15.0,github.com,Duress password trigger,Security,2022-03-21,2022-08-21
Sentry,https://github.com/x13a/Sentry,89.0,10.0,github.com,Enforce security policies,Security,2022-03-21,2022-09-23
Anemo,https://github.com/2bllw8/anemo,171.0,7.0,github.com,A private local storage utility application for android.,"System, Writing",2022-03-10,2023-02-03
Trollslate,https://github.com/SCOTT-HAMILTON/Trollslate,5.0,0.0,github.com,Trolling app to prank your friends with barcode looking messages,"Games, Reading",2022-03-02,2022-04-05
TorrServe,https://github.com/YouROK/TorrServe,367.0,42.0,github.com,Download torrent files,Internet,2022-02-22,2024-02-28
Alovoa Lite,https://github.com/Alovoa/alovoa-android,40.0,4.0,github.com,Open-source online dating application,Internet,2022-02-22,2022-10-25
Red,https://github.com/x13a/Red,35.0,2.0,github.com,Redirect outgoing calls to Signal/Telegram/Threema,Phone & SMS,2022-02-22,2022-06-27
TSViewer,https://github.com/BlazeCodeDev/TSViewer,18.0,1.0,github.com,Simple TS client which shows you the amount and names of connected clients.,"Connectivity, Internet",2022-02-20,2023-11-05
Simple Keyboard,https://github.com/SimpleMobileTools/Simple-Keyboard,298.0,107.0,github.com,"Easy keyboard for inserting all kinds of texts, special characters and numbers",System,2022-02-11,2023-10-16
hEARtest,https://github.com/woheller69/audiometry,33.0,7.0,github.com,Quick and simple hearing evaluation,Sports & Health,2022-02-11,2023-08-03
Android 2 Linux Notifications,https://github.com/patri9ck/a2ln-app,79.0,4.0,github.com,A way to display Android phone notifications on Linux,"Connectivity, System",2022-02-06,2023-12-14
Infomaniak kMeet,https://github.com/Infomaniak/android-infomaniak-meet,16.0,1.0,github.com,Free and secure videoconferencing solution,Phone & SMS,2022-02-06,2024-01-01
Clipeus,https://github.com/x13a/Clipeus,41.0,4.0,github.com,Clipboard cleaner,System,2022-02-03,2022-07-26
WyFy,https://github.com/x13a/WyFy,8.0,1.0,github.com,Wi-Fi change state adapter,System,2022-02-03,2022-03-21
Volta,https://github.com/x13a/Volta,31.0,4.0,github.com,Actions on volume buttons,System,2022-01-28,2022-08-21
CalEF (Calendar Entry Formatter),https://github.com/k3b/CalEF,9.0,1.0,github.com,Create and send Appointment-Confirmation-Message from Android-Calendar-Entry.,"System, Time",2022-01-21,2023-12-04
Really Basic Vocab,https://github.com/jonathanherrmannengel/vocabapp,6.0,0.0,github.com,simple flashcard app,Science & Education,2022-01-14,2023-12-12
Vibe,https://github.com/x13a/Vibe,15.0,1.0,github.com,Vibrate on a call answer or end,Phone & SMS,2022-01-14,2022-07-12
ANOTHERpass,https://github.com/jenspfahl/ANOTHERpass,50.0,3.0,github.com,Another way to manage passwords,Security,2022-01-08,2024-01-22
Show Youtube Dislikes,https://github.com/jesperbakhandskemager/view-youtube-dislike,25.0,1.0,github.com,Bring back Youtube Dislikes for Android,Multimedia,2022-01-08,2022-07-17
Bible Notify,https://github.com/BibleNotify/BibleNotify,26.0,7.0,github.com,"Free and open-source, offline daily Bible verse notification app for Android",Reading,2022-01-07,2023-02-23
Flash Deck,https://github.com/rh-id/a-flash-deck,25.0,7.0,github.com,A simple and easy to use flash card to help you study,Science & Education,2021-12-30,2023-08-14
Stoic Reading,https://github.com/zikalify/StoicReading,31.0,3.0,github.com,Consolidation of Stoic texts,Reading,2021-12-28,2022-03-04
Dark theme,https://github.com/phstudio2/Darktheme,24.0,1.0,github.com,Activate dark theme on your device.,Theming,2021-12-26,2023-11-15
Wasted,https://github.com/x13a/Wasted,408.0,33.0,github.com,Lock a device and wipe its data on emergency,Security,2021-12-15,2022-09-02
FHCode,https://github.com/fredhappyface/android.fhcode,33.0,5.0,github.com,Code editor for android,Development,2021-12-05,2023-09-01
News Provider,https://github.com/rh-id/a-news-provider,27.0,4.0,github.com,A simple and easy to use RSS aggregator that deliver news to your smartphone,Reading,2021-12-02,2023-06-06
monocles translator,https://codeberg.org/Arne/monocles_translator,9.0,0.0,codeberg.org,monocles translation a safe and private translator,"Reading, Science & Education",2021-12-02,2023-09-25
AutoDND,https://github.com/dic1911/android_AutoDND,30.0,4.0,github.com,A simple tool to toggle DND automatically when using specified apps.,System,2021-11-16,2024-02-13
Webmon,https://github.com/theAkito/webmon,46.0,4.0,github.com,"Monitor web services and get notified, if a service becomes unavailable.","Connectivity, Development, Internet",2021-11-03,2022-12-25
Doodle: Live Wallpapers,https://github.com/patzly/doodle-android,586.0,32.0,github.com,Colorful live wallpapers with auto dark mode and power-efficient animations,Theming,2021-10-31,2022-12-26
Foreground,https://github.com/bgregos/foreground,238.0,14.0,github.com,"Task manager app, supporting syncing with Taskwarrior.","Time, Writing",2021-10-25,2023-07-14
PeerTube Live,https://codeberg.org/Schoumi/PeerTubeLive,9.0,2.0,codeberg.org,Stream your device camera to your PeerTube channel!,"Internet, Multimedia",2021-10-24,2021-10-24
Ojo RTSP IP Camera viewer,https://github.com/penguin86/ojo,49.0,12.0,github.com,Ojo is a basic IP Camera surveillance wall.,"Connectivity, Multimedia, Security",2021-10-22,2024-01-30
Bubble,https://github.com/woheller69/level,90.0,8.0,github.com,Spirit level and ruler,Science & Education,2021-10-22,2024-01-26
Baby Phone,https://github.com/babydots/babyphone,15.0,7.0,github.com,A pretend phone app for little ones who want to practice.,Phone & SMS,2021-10-11,2024-01-03
Easy Noise,https://github.com/cliambrown/EasyNoise,77.0,7.0,github.com,A simple Android app to play white noise.,"Multimedia, Sports & Health",2021-10-11,2022-09-14
Minimalistic Price Converter,https://github.com/Minimalistic-Apps/price-converter,13.0,2.0,github.com,Minimalistic app converting prices of fiat shitcoins and Bitcoin,Money,2021-10-09,2024-01-22
Valetudo Companion,https://github.com/Hypfer/valetudo-companion,24.0,4.0,github.com,Easily find and connect Valetudo robot vacuums on and to your network,Connectivity,2021-09-29,2023-08-26
Nextcloud Maps Geobookmarks,https://github.com/penguin86/nextcloud-maps-client,34.0,2.0,github.com,Manage Nextcloud Maps Geofavorites on your phone,"Connectivity, Navigation",2021-09-29,2023-02-20
Liedgutverzeichnis,https://codeberg.org/LiedgutDatenbank/Liedgutverzeichnis,0.0,0.0,codeberg.org,An app that knows which song is to be found in which book at which page.,Multimedia,2021-09-27,2023-02-03
oRing - Reminder,https://github.com/lubenard/oRing_Reminder,8.0,6.0,github.com,Oring-Reminder is a thermal contraception manager,Sports & Health,2021-09-22,2023-01-17
Smart EggTimer,https://github.com/woheller69/eggtimer,89.0,7.0,github.com,With Smart EggTimer you can cook eggs perfectly.,Sports & Health,2021-09-22,2023-07-22
My Location,https://github.com/mirfatif/MyLocation,50.0,5.0,github.com,Know your geo coordinates using on-device GPS and Network location providers,Internet,2021-09-17,2021-09-17
StoryGame,https://github.com/PrivacyDragon/StoryGame_Android,8.0,1.0,github.com,In this game the main goal is to make a story with the words you get.,Games,2021-08-29,2023-03-20
GymRoutines,https://codeberg.org/noahjutz/GymRoutines,34.0,11.0,codeberg.org,Open-Source fitness tracker for Android.,Sports & Health,2021-08-29,2023-08-10
CIFS Documents Provider,https://github.com/wa2c/cifs-documents-provider,183.0,20.0,github.com,Provides access to shared network storage.,"Connectivity, System",2021-08-29,2024-02-24
EweSticker,https://github.com/fredhappyface/android.EweSticker,54.0,6.0,github.com,Sticker-board for android inspired by uSticker (forked from woosticker).,Multimedia,2021-07-31,2023-09-01
Snapdrop & PairDrop for Android,https://github.com/fm-sys/snapdrop-android,772.0,56.0,github.com,Transfer files seamlessly between all your devices - Snapdrop,"Connectivity, System",2021-07-22,2023-10-30
Silence,https://github.com/x13a/Silence,246.0,23.0,github.com,Block unknown callers,Phone & SMS,2021-07-20,2022-09-02
Warpinator for Android (unofficial),https://github.com/slowscript/warpinator-android,416.0,26.0,github.com,Share files across local network,Internet,2021-07-20,2023-12-16
NextcloudServices,https://github.com/Andrewerr/NextcloudServices,48.0,10.0,github.com,Simply fetch Nextcloud notifications on devices without Google Play services,Connectivity,2021-07-20,2023-11-20
SMS to URL Forwarder,https://github.com/bogkonstantin/android_income_sms_gateway_webhook,267.0,78.0,github.com,simple incoming SMS to URL forwarder,Phone & SMS,2021-07-15,2023-03-11
OpenWebWeaver,https://github.com/deftkHD/OpenWebWeaver-Android,10.0,1.0,github.com,Interact with WebWeaver based online learning platforms,Science & Education,2021-07-10,2022-08-26
Unstoppable Wallet,https://github.com/horizontalsystems/unstoppable-wallet-android,750.0,328.0,github.com,"Bitcoin, Ethereum, DeFi",Money,2021-07-05,2024-02-02
Flang,https://codeberg.org/jannis/FlangAndroid,4.0,2.0,codeberg.org,A board game similar to chess,Games,2021-06-11,2023-09-06
USB Gadget Tool,https://github.com/tejado/android-usb-gadget,781.0,64.0,github.com,Convert your Android phone to any USB device you like,System,2021-06-11,2021-06-11
Debitum,https://github.com/marmo/debitum,80.0,7.0,github.com,keep track of lent money and items,Money,2021-06-07,2022-11-24
L√©on ‚Äì The URL Cleaner,https://github.com/svenjacobs/leon,180.0,11.0,github.com,Removes tracking & other redundant parameters from web links for sharing,System,2021-06-07,2024-01-11
Scoop,https://github.com/TacoTheDank/Scoop,293.0,25.0,github.com,Catches a stack trace when an app crashes unexpectedly.,"Development, System",2021-04-23,2022-09-10
AF Weather Widget,https://github.com/Gitsaibot/AF-Weather-Widget,44.0,12.0,github.com,Graph weather widget for Android,Internet,2021-04-18,2024-02-11
Compass,https://github.com/Kr0oked/Compass,191.0,31.0,github.com,Simple and beautiful compass,Navigation,2021-04-09,2024-01-30
PxerStudio,https://github.com/BennyKok/PxerStudio,80.0,14.0,github.com,Pixel drawing tool for Android.,Graphics,2021-04-07,2021-06-14
Headi - Your headache diary,https://github.com/MrReSc/Headi,27.0,1.0,github.com,Headi (Headache Diary) is a privacy-friendly app to log your headaches,Sports & Health,2021-04-05,2022-03-16
mpv-android,https://github.com/mpv-android/mpv-android,1699.0,204.0,github.com,Listen to music and watch videos,Multimedia,2021-03-19,2023-12-03
Luftlinie,https://github.com/westnordost/Luftlinie,27.0,2.0,github.com,Navigation for Birds,Navigation,2021-03-19,2023-11-02
DeadHash,https://github.com/CodeDead/DeadHash-android,28.0,4.0,github.com,Hashsum calculation utility,"Security, System",2021-03-17,2023-12-14
Loud Bang,https://github.com/TheMetallists/LoudBang,47.0,3.0,github.com,RX/TX capable WSPR client,Connectivity,2021-03-14,2023-11-05
Automation,https://git.server47.de/jens/Automation,,,git.server47.de,Automate stuff on your device by creating rules.,System,2021-03-11,2023-11-29
uaTranslit,https://github.com/bossly/uaTranslit,4.0,0.0,github.com,App to translit cyrilic phrases to latin using commonly used translation rules.,Internet,2021-03-08,2023-03-11
SSTV Encoder,https://github.com/olgamiller/SSTVEncoder2,91.0,15.0,github.com,Image encoder for Slow-Scan Television (SSTV) audio signals,Connectivity,2021-03-03,2024-01-22
Discreet Launcher,https://github.com/falzonv/discreet-launcher,189.0,38.0,github.com,Enjoy a clean home screen while accessing everything in an instant,"System, Theming",2021-02-26,2023-09-12
Coordinate Joker,https://github.com/siggel/coordinatejoker,5.0,3.0,github.com,A geocaching add-on ‚Äì generates waypoints from formulas with up to 2 variables,Navigation,2021-02-15,2023-10-25
OSMfocus Reborn,https://github.com/ubipo/osmfocus,40.0,4.0,github.com,"Examine OpenStreetMap (OSM) elements to ""focus"" your view of the map",Navigation,2021-02-15,2023-09-06
WalletCount,https://github.com/GittyMac/WalletCount,30.0,6.0,github.com,A money management app for your wallet.,Money,2021-02-03,2021-09-17
F-Droid Build Status,https://codeberg.org/pstorch/F-Droid_Build_Status,29.0,3.0,codeberg.org,Shows and monitors build status from F-Droid,Development,2021-01-31,2024-02-28
Freenet mobile,https://github.com/freenet-mobile/app,124.0,13.0,github.com,Access Freenet from the palm of your hand,"Connectivity, Internet, Security",2021-01-25,2022-07-10
BetterCounter,https://github.com/albertvaka/bettercounter,93.0,11.0,github.com,"A simple, multi-purpose counter app","Sports & Health, Time",2021-01-21,2024-02-24
ccgt,https://github.com/pterodactylus42/ccgt,13.0,4.0,github.com,"A simple, straightforward and intuitive chromatic tuner.",Multimedia,2021-01-12,2022-09-18
SetEdit - Settings Database Editor,https://github.com/MuntashirAkon/SetEdit,204.0,25.0,github.com,Open source version of the 4A Settings Database Editor,System,2021-01-12,2023-02-06
URLSanitizer,https://github.com/dic1911/android_URLSanitizer,44.0,6.0,github.com,A simple tool to get rid of all those annoying tracking GET query from URLs.,Internet,2021-01-09,2023-11-15
Super Productivity,https://github.com/johannesjo/super-productivity-android,96.0,18.0,github.com,Free to do list & time tracker for programmers & designers,Time,2021-01-07,2023-04-17
WaterTracker,https://github.com/ktprograms/WaterTracker,11.0,1.0,github.com,reminds you to drink water,Sports & Health,2021-01-07,2021-09-09
SanskritBasicsLetters,https://github.com/sanskritbscs/letters,5.0,0.0,github.com,Learn Sanskrit letters in an easy way.,"Games, Science & Education",2021-01-05,2022-12-07
Souvenirs,https://github.com/zorgluf/souvenirs-android,11.0,3.0,github.com,"Make photo albums and share them on Nextcloud. Support for image, sound, video,","Graphics, Multimedia",2021-01-03,2024-02-19
BonjourBrowser,https://github.com/wellenvogel/BonjourBrowser,29.0,8.0,github.com,Browse Bonjour services for http,Internet,2021-01-01,2023-07-02
DetoxDroid: Digital Detoxing as Your New Default,https://github.com/flxapps/DetoxDroid,260.0,12.0,github.com,Get rid of attention-grabbing and manipulative features.,Sports & Health,2021-01-01,2024-02-02
Der Die Das,https://github.com/machiav3lli/DerDieDas,25.0,7.0,github.com,Android app for learning German nouns genders.,Science & Education,2020-12-29,2023-09-19
Child Monitor,https://github.com/enguerrand/child-monitor,25.0,8.0,github.com,Child Monitor allows two Android devices to act as a baby monitor.,Connectivity,2020-12-29,2024-02-28
EngineDataLogger-Dashboard,https://github.com/techie66/EngineDataLogger---Dashboard,8.0,1.0,github.com,Companion app to EngineDataLogger ECU software.,"Connectivity, System",2020-12-29,2024-02-24
JEV 2022 Schedule,https://github.com/EventFahrplan/EventFahrplan,203.0,96.0,github.com,Conference program app for the JahresEndVeranstaltungen (JEV),Time,2020-12-29,2022-12-25
ETH & UZH canteens Z√ºrich,https://github.com/famoser/Mensa,21.0,6.0,github.com,Daily menu of the canteens of ETH & UZH.,"Internet, Sports & Health",2020-12-29,2023-10-04
Photok,https://github.com/leonlatsch/Photok,378.0,41.0,github.com,Encrypt your photos on your device and keep them safe from others.,Security,2020-12-29,2023-06-04
Les Pas - Photo Album for Nextcloud,https://github.com/scubajeff/lespas,415.0,21.0,github.com,A photo album that saves all your precious memory in your private cloud,"Graphics, Multimedia",2020-12-20,2024-01-26
RadarWeather,https://github.com/woheller69/weather,289.0,14.0,github.com,Lets you watch the weather for cities and locations you are interested in.,Internet,2020-12-19,2023-12-04
Just (Video) Player,https://github.com/moneytoo/Player,1276.0,166.0,github.com,Simple video player based on ExoPlayer library,Multimedia,2020-12-18,2023-11-29
News,https://github.com/bubelov/news,387.0,26.0,github.com,Feed reader and podcast player for Android,"Internet, Multimedia, Reading",2020-12-07,2023-05-15
Catima ‚Äî Loyalty Card Wallet,https://github.com/CatimaLoyalty/Android,649.0,123.0,github.com,"For your barcodes, memberships, loyalty programs, coupons and tickets.",Money,2020-11-14,2024-02-06
Randomix - Decision Maker,https://github.com/m-i-n-a-r/randomix,153.0,20.0,github.com,"An app to randomly choose between numbers, answers, options. üÉè",Games,2020-11-08,2023-02-03
Baby Dots,https://github.com/babydots/babydots,39.0,10.0,github.com,Soothe and calm young babies,Multimedia,2020-10-13,2024-01-03
Buddha Quotes,https://github.com/BanDev/Buddha-Quotes,31.0,16.0,github.com,A Free and Open Source Buddha Quotes app with a focus on privacy.,Science & Education,2020-10-07,2023-05-07
Grocy: Self-hosted Grocery Management,https://github.com/patzly/grocy-android,771.0,79.0,github.com,"ERP beyond your fridge, now on your phone ‚Äì An awesome companion app for grocy",Sports & Health,2020-10-07,2024-02-02
Olauncher,https://github.com/tanujnotes/Olauncher,1509.0,162.0,github.com,Minimal launcher app with daily new wallpaper,Theming,2020-09-09,2024-01-22
TinyBit Launcher,https://github.com/TBog/TBLauncher,125.0,17.0,github.com,"Small memory footprint, icon pack support, color and behaviour customizable","System, Theming",2020-09-01,2023-09-01
Geological Time Scale,https://github.com/tengel/GeologicalTimescale,10.0,3.0,github.com,Display the geological time scale of the Earth's history.,Science & Education,2020-08-21,2024-01-11
App Manager - Android package manager,https://github.com/MuntashirAkon/AppManager,3917.0,239.0,github.com,A full-featured open source package manager for android.,System,2020-08-10,2023-12-27
Calculate,https://codeberg.org/jonas-l/rechnen-android,10.0,6.0,codeberg.org,train mental calculation,Games,2020-08-10,2022-05-22
rust-keylock-android,https://github.com/rust-keylock/rust-keylock-android,11.0,0.0,github.com,"A password manager with goals to be Secure, Simple to use, Portable and Extensib",Security,2020-07-25,2021-11-20
treehouses remote,https://github.com/treehouses/remote,62.0,27.0,github.com,Communicate with headless Raspberry Pi mobile server running treehouses image vi,Connectivity,2020-07-23,2021-06-30
ImgurViewer,https://github.com/SpartanJ/ImgurViewer,93.0,6.0,github.com,A little image viewer to open image and video links from external applications.,Internet,2020-07-16,2023-10-10
Mines3D,https://github.com/stastnypremysl/Mines3D,13.0,1.0,github.com,Minesweeper on n*m*2 matrix,Games,2020-07-16,2023-11-26
Simple Money Tracker,https://github.com/xvzan/SimpleMoneyTracker,6.0,2.0,github.com,Yet another personal accounting app,Money,2020-07-16,2024-02-02
Wine cellar,https://github.com/NathanielMotus/Cavevin,4.0,1.0,github.com,Wine cellar manager,Sports & Health,2020-06-20,2021-06-01
Neo Backup,https://github.com/NeoApplications/Neo-Backup,2191.0,112.0,github.com,The open-source tool to backup your apps and data,System,2020-06-15,2024-01-22
Simple Dialer,https://github.com/SimpleMobileTools/Simple-Dialer,587.0,242.0,github.com,Manage phone calls with this simple phone dialer app with phonebook,System,2020-05-17,2023-09-30
Simple SMS Messenger,https://github.com/SimpleMobileTools/Simple-SMS-Messenger,568.0,205.0,github.com,"SMS messaging and MMS messaging app for Android, send messages fast, nice UI",System,2020-05-17,2023-10-10
Planisphere,https://github.com/tengel/AndroidPlanisphere,46.0,13.0,github.com,"A simple star chart that shows stars, constellations and planets.",Science & Education,2020-05-13,2024-01-07
Dokuwiki Android,https://github.com/fabienli/DokuwikiAndroid,57.0,6.0,github.com,Access in local to your dokuwiki,Internet,2020-05-13,2023-07-24
A Whip,https://codeberg.org/uniqx/AWhip,2.0,0.0,codeberg.org,Turn your phone into a whip.,Games,2020-05-09,2022-02-11
TrackerControl,https://github.com/TrackerControl/tracker-control-android,1761.0,80.0,github.com,TrackerControl allows to monitor and control hidden data collection in apps.,"Internet, Security",2020-05-06,2024-01-05
MusicBrainz,https://github.com/metabrainz/musicbrainz-android/,121.0,32.0,github.com,The Official MusicBrainz App,"Internet, Multimedia",2020-04-15,2023-10-15
COVID-19 italian monitoring,https://github.com/SimoneTinella/Stato_COVID19_Italia_Android,22.0,6.0,github.com,Simplified access to data on the spread of covid-19 in Italy,Sports & Health,2020-04-06,2022-02-25
Ltt.rs,https://codeberg.org/iNPUTmice/lttrs-android,28.0,1.0,codeberg.org,Simple and maintainable Android e-mail client,Internet,2020-03-23,2024-01-11
Pixiv for Muzei 3,https://github.com/yellowbluesky/PixivforMuzei3,166.0,14.0,github.com,Best Pixiv plugin for Muzei 3,Theming,2020-03-17,2024-02-06
Metronome,https://github.com/thetwom/toc2,130.0,23.0,github.com,A simple metronome app which helps you keep time when practicing music.,Science & Education,2020-01-10,2023-10-10
plees-tracker,https://github.com/vmiklos/plees-tracker,143.0,37.0,github.com,Plees Tracker is a simple sleep tracker for your Android phone.,"Sports & Health, Time",2020-01-10,2024-02-06
Cards Score Keeper,https://github.com/ThaChillera/CardScore,0.0,2.0,github.com,App for keeping score in card games,Games,2019-12-20,2019-12-20
FitoTrack,https://codeberg.org/jannis/FitoTrack,225.0,61.0,codeberg.org,A privacy oriented fitness tracker,Sports & Health,2019-12-10,2023-12-01
Todo Agenda,https://github.com/andstatus/todoagenda,106.0,16.0,github.com,Home screen widgets displaying events from selected calendars and task lists,Time,2019-12-03,2024-01-15
Paris Transport Traffic,https://github.com/corenting/ParisTransportTraffic,10.0,1.0,github.com,Traffic informations for subway/tramway... (Paris and suburbs),Navigation,2019-11-12,2023-03-11
Railway station photos,https://github.com/RailwayStations/RSAndroidApp,29.0,13.0,github.com,Collect photos of railway stations for https://railway-stations.org,"Games, Navigation",2019-11-05,2024-02-11
MotionEye Client for Android,https://github.com/developerfromjokela/motioneye-client,30.0,7.0,github.com,,Graphics,2019-10-15,2019-10-15
WonderDroid X,https://github.com/williehwc/wonderdroid-x,18.0,3.0,github.com,Bandai Wonderswan emulator,Games,2019-09-05,2019-09-05
Salasana,https://github.com/xvello/salasana-android,6.0,0.0,github.com,Generates site-specific unique passwords,Security,2019-06-14,2021-12-26
Fedilab,https://codeberg.org/tom79/Fedilab,218.0,22.0,codeberg.org,,Internet,2019-06-03,2024-02-06
AELF - Bible and day's reading,https://github.com/HackMyChurch/aelf-dailyreadings,41.0,12.0,github.com,A simple and discrete daily reading application,Reading,2019-05-25,2021-09-22
Tempus Romanum,https://github.com/xavierfreyburger/tempus-romanum,10.0,0.0,github.com,Latin date generator with a widget,Time,2019-05-25,2023-08-05
Nextcloud Deck,https://github.com/stefan-niedermann/nextcloud-deck,469.0,51.0,github.com,Companion app for Nextcloud Deck,Internet,2019-05-14,2023-10-04
FeedWatcher,https://github.com/zouroboros/feed-watcher,16.0,4.0,github.com,,"Internet, Reading",2019-05-05,2023-05-15
Download Navi,https://github.com/TachibanaGeneralLaboratories/download-navi,750.0,81.0,github.com,Download Navi is a free and Open Source download manager for Android 4.4+,Internet,2019-04-20,2022-03-19
Twire,https://github.com/twireapp/Twire,954.0,59.0,github.com,Free and open Twitch browser and stream player,"Internet, Multimedia",2019-04-01,2024-01-26
AudioAnchor,https://github.com/flackbash/AudioAnchor,207.0,36.0,github.com,Audio player that tracks the listening process of your audio books and podcasts,Multimedia,2019-03-06,2023-05-23
GitNex for Forgejo and Gitea,https://codeberg.org/gitnex/GitNex,372.0,33.0,codeberg.org,Client for Gitea,Internet,2019-03-06,2024-02-28
Enhanced Music Controller Lite,https://github.com/mkulesh/onpc,120.0,21.0,github.com,Remote controller for Onkyo devices,"Connectivity, Multimedia",2019-03-06,2023-12-20
IndiePass,https://github.com/marksuth/indigenous-android,99.0,7.0,github.com,IndieWeb Micropub and Microsub Client,Internet,2019-02-21,2023-05-05
kboard,https://github.com/adgad/kboard,148.0,25.0,github.com,Keyboard with customisable one-click responses and powerful automation commands.,System,2019-02-13,2022-02-09
Simple Draw Pro,https://github.com/SimpleMobileTools/Simple-Draw,498.0,184.0,github.com,Draw with this quick sketchbook replacing pen and paper,Graphics,2019-02-12,2023-09-25
Mobile Pauker ++,https://github.com/dfrits/MobilePauker2,7.0,3.0,github.com,Learn intuitively with flash cards and synchronize your lesson with Dropbox,Science & Education,2019-02-05,2020-02-29
FlashCards,https://github.com/cubei/flashcards,26.0,8.0,github.com,Make cards with csv files as input to memorize things,Science & Education,2019-02-05,2019-02-05
Calculator Notification,https://github.com/tananaev/calculator-notification,23.0,8.0,github.com,Move your Calculator into the notification drawer,Science & Education,2019-02-05,2022-06-05
ykDroid,https://github.com/pp3345/ykDroid,90.0,13.0,github.com,YubiKey challenge-response USB and NFC driver,System,2019-02-05,2023-06-08
Blitzortung Lightning Monitor,https://github.com/wuan/bo-android,101.0,32.0,github.com,Get an overview of the current thunderstorm situation,Science & Education,2019-02-03,2023-11-17
Trigger,https://github.com/mwarning/trigger,123.0,24.0,github.com,Open doors via Wi-Fi using HTTPS/SSH.,"Internet, Security",2019-01-30,2022-03-24
SDB Viewer,https://github.com/mathisdt/sdbviewer,5.0,0.0,github.com,"View song lyrics, a translation of it and guitar chords","Multimedia, Reading",2019-01-29,2023-08-26
AndroDNS,https://github.com/gryphius/androdns,36.0,10.0,github.com,DNS client,Internet,2019-01-27,2023-08-10
Presence Publisher,https://github.com/ostrya/PresencePublisher,75.0,12.0,github.com,Regularly publish to an MQTT topic,Connectivity,2019-01-18,2023-09-01
HACS,https://github.com/ktt-ol/hacs,23.0,2.0,github.com,Hackspace Access Control System,Internet,2018-12-17,2024-01-26
Firefly III Mobile,https://github.com/emansih/FireflyMobile,304.0,44.0,github.com,Mobile wrapper for Firefly III,Money,2018-11-27,2022-03-21
Simple Calendar Pro,https://github.com/SimpleMobileTools/Simple-Calendar,3446.0,1135.0,github.com,"Calendar 2023 widget for Android. Appointment scheduler, planner, and reminder",Multimedia,2018-11-25,2023-10-08
OpenTopoMap Viewer,https://github.com/Pygmalion69/OpenTopoMapViewer,36.0,10.0,github.com,"Online client for maps from OTM project, import GPX and show own location",Navigation,2018-11-19,2023-07-12
Simple File Manager Pro,https://github.com/SimpleMobileTools/Simple-File-Manager,1436.0,370.0,github.com,Handy file explorer for easily searching or organizing your files and folders,System,2018-11-16,2023-09-30
SauceNAO,https://github.com/LuK1337/SauceNAO,92.0,6.0,github.com,Unofficial SauceNAO client.,"Internet, Multimedia",2018-10-30,2023-10-08
Disroot app,https://git.disroot.org/Disroot/disapp,,,git.disroot.org,Disroot app is like your Swiss Army knife to the Disroot platform,Internet,2018-09-28,2023-11-19
EtchDroid USB writer,https://github.com/EtchDroid/EtchDroid,836.0,121.0,github.com,"Write ISO and DMG images to USB drives, no root required",System,2018-09-25,2023-12-27
Syncthing-Fork,https://github.com/Catfriend1/syncthing-android-fdroid,154.0,10.0,github.com,File synchronization,Internet,2018-09-14,2024-02-13
PianOli,https://github.com/nicolasbrailo/PianOli,58.0,18.0,github.com,Baby game to keep your device safe from random baby-taps,Games,2018-09-11,2024-02-06
XMouse,https://github.com/bradand/XMouse,94.0,22.0,github.com,Remotely control X11 via SSH commands generated by your phone or tablet,System,2018-08-30,2018-08-30
Meshenger,https://github.com/meshenger-app/meshenger-android,545.0,94.0,github.com,True P2P voice- and video phone App.,"Connectivity, Internet, Phone & SMS",2018-08-20,2024-01-11
FakeTraveler,https://github.com/mcastillof/FakeTraveler,320.0,67.0,github.com,Fake your location,"Development, Navigation",2018-07-26,2023-04-10
Funktrainer,https://github.com/meyerd/funktrainer,11.0,9.0,github.com,This app will ask you the official questions of the German ham radio (amateur ra,Science & Education,2018-07-02,2023-11-26
Simple Keyboard,https://github.com/rkkr/simple-keyboard,911.0,205.0,github.com,Simply keyboard and nothing more,Writing,2018-06-02,2023-11-02
Hoplite Polytonic Greek Keyboard,https://github.com/jeremymarch/HoplitePolytonicKeyboardAndroid,5.0,2.0,github.com,A keyboard extension which allows the user to type in Polytonic Greek,System,2018-05-28,2020-09-24
Batch Uninstaller,https://github.com/sarbajitsaha/Batch-Uninstaller,65.0,16.0,github.com,Uninstall multiple applications at once,System,2018-05-18,2022-11-24
FreeOTP+,https://github.com/helloworld1/FreeOTPPlus,581.0,70.0,github.com,Enhanced fork of FreeOTP-Android providing a feature-rich 2FA authenticator,System,2018-04-10,2024-02-13
Siteswap Generator,https://github.com/namlit/siteswap_generator,15.0,6.0,github.com,Generate juggling siteswaps for passing,Sports & Health,2018-04-03,2024-01-03
Nextcloud Talk,https://github.com/nextcloud/talk-android,486.0,212.0,github.com,Have private video calls and chat using your own server.,"Connectivity, Internet",2018-03-19,2023-12-25
MedicLog,https://github.com/JohnLines/mediclog,14.0,0.0,github.com,Log basic medical information,Sports & Health,2018-03-19,2023-09-01
Simple Clock,https://github.com/SimpleMobileTools/Simple-Clock,571.0,234.0,github.com,"Combination of a beautiful clock widget, alarm clock, stopwatch, timer",System,2018-03-15,2023-09-30
Activity Diary,https://github.com/ramack/ActivityDiary,72.0,38.0,github.com,Log and plan your recurring activities,Writing,2018-02-06,2022-01-24
Simple Thank You,https://github.com/SimpleMobileTools/Simple-Thank-You,183.0,75.0,github.com,A warm Thank You for supporting our modern & easy Simple Mobile Tools apps!,System,2018-01-29,2023-10-27
Your local weather,https://github.com/thuryn/your-local-weather,127.0,34.0,github.com,Application displays current weather and location wherever you are.,Internet,2018-01-15,2024-02-13
Inventory,https://github.com/flyve-mdm/android-inventory-agent/,59.0,32.0,github.com,This application is the Android Inventory Agent,System,2018-01-15,2018-08-21
Intent Intercept,https://github.com/k3b/intent-intercept,190.0,21.0,github.com,Dev tool to view inter-app communication,Development,2017-12-15,2024-02-19
Android version,https://github.com/mueller-ma/View-android-version,16.0,5.0,github.com,Simple app to view Android version information,System,2017-12-07,2023-04-13
la/u/ncher,https://github.com/nilesr/United4,32.0,7.0,github.com,"The official app for danger/u/, dangeru.us",Internet,2017-12-07,2018-09-15
KeePassDX,https://github.com/Kunzisoft/KeePassDX,3919.0,247.0,github.com,Secure and open source password manager compatible with KeePass files.,Security,2017-11-24,2023-11-22
Muzei - Bing Image of the Day,https://github.com/devmil/muzei-bingimageoftheday,21.0,4.0,github.com,A Muzei art source that retrieves the Bing image of the day,"Multimedia, Theming",2017-11-14,2020-10-19
PaperLaunch: Side launcher,https://github.com/devmil/PaperLaunch,25.0,3.0,github.com,Side launcher in material design that launches apps with one gesture,Theming,2017-11-07,2018-03-10
Starke Verben,https://github.com/Sw24Softwares/StarkeVerben,15.0,6.0,github.com,Learn the German strong verbs,Science & Education,2017-10-29,2023-07-27
Ad-Free,https://github.com/abertschi/ad-free,256.0,23.0,github.com,AdBlocker for Spotify,Internet,2017-09-13,2023-12-10
OneTwo,https://github.com/ndleyton/OneTwo,14.0,4.0,github.com,"Provides you with dices, counter and timers",Games,2017-05-20,2023-10-15
VocableTrainer,https://github.com/0xpr03/VocableTrainer-Android,29.0,10.0,github.com,Flashcard like memorization app to learn and remember words or vocables of forei,Science & Education,2017-05-14,2022-05-09
Œºlogger,https://github.com/bfabiszewski/ulogger-android,285.0,55.0,github.com,Location tracker with focus on privacy and energy efficiency,Navigation,2017-03-21,2023-11-08
Sensors2Pd,https://github.com/SensorApps/Sensors2Pd,1.0,1.0,github.com,Use sensor data in Puredata patches,Multimedia,2017-03-08,2022-09-18
Audinaut,https://github.com/nvllsvm/Audinaut,136.0,19.0,github.com,Stream music from Subsonic-compatible servers,Multimedia,2017-03-02,2020-05-02
Sensors2OSC,https://github.com/SensorApps/Sensors2OSC,62.0,18.0,github.com,Send sensor data via Open Sound Control (OSC).,Multimedia,2017-02-26,2022-10-18
Termux:Tasker,https://github.com/termux/termux-tasker,830.0,129.0,github.com,Tasker plug-in to run Termux scripts from Tasker,Development,2016-12-30,2022-02-23
WiFiScanner,https://github.com/bewue/WLANScanner,78.0,13.0,github.com,Analyse the WiFi networks in range.,"Connectivity, Security, System",2016-12-26,2023-07-31
Ruler,https://github.com/SecUSo/privacy-friendly-ruler,25.0,13.0,github.com,Turn your mobile device into a ruler,Multimedia,2016-12-14,2016-12-23
FOSS Browser,https://codeberg.org/Gaukler_Faun/FOSS_Browser,18.0,1.0,codeberg.org,"""FOSS Browser"" is a fully free (as in freedom) open source Android browser.",Internet,2016-12-12,2023-12-01
AsteroidOS Sync,https://github.com/AsteroidOS/AsteroidOSSync,96.0,35.0,github.com,Synchronize with your AsteroidOS smartwatch,Connectivity,2016-12-09,2023-09-19
Location Share,https://github.com/pR0Ps/LocationShare,85.0,40.0,github.com,Share your current location,Connectivity,2016-11-04,2022-03-29
Simple App Launcher,https://github.com/SimpleMobileTools/Simple-App-Launcher,399.0,159.0,github.com,"A customizable holder for your favorite apps, reorder icons as you wish.",System,2016-08-21,2023-09-12
Simple Calculator,https://github.com/SimpleMobileTools/Simple-Calculator,559.0,357.0,github.com,A beautiful calculator for quick simple calculations with smooth user interface,System,2016-07-09,2023-10-27
Simple Flashlight,https://github.com/SimpleMobileTools/Simple-Flashlight,345.0,176.0,github.com,"Led light controller with brightness control and customizable color, stroboscope",System,2016-07-09,2023-10-27
Simple Camera,https://github.com/SimpleMobileTools/Simple-Camera,729.0,281.0,github.com,"Quick photo and video camera with a flash, customizable aspect ratio",Multimedia,2016-07-09,2023-09-25
Anuto TD,https://github.com/mjaun/android-anuto,207.0,63.0,github.com,Another Ugly Tower Defense,Games,2016-07-03,2023-07-09
RadioDroid,https://github.com/segler-alex/RadioDroid,623.0,142.0,github.com,Browse and stream internet radios,"Internet, Multimedia",2016-03-27,2023-10-04
Red Moon,https://github.com/LibreShift/red-moon,630.0,79.0,github.com,Screen filter for night time phone use,System,2016-03-18,2022-08-23
SkyTube,https://github.com/SkyTubeTeam/SkyTube,2139.0,320.0,github.com,An open source YouTube client,"Internet, Multimedia",2016-02-27,2023-08-26
Open Note Scanner,https://github.com/allgood/OpenNoteScanner,1295.0,273.0,github.com,"Scan documents, handwritten notes or arts","Graphics, Science & Education",2016-02-24,2020-07-25
Poet Assistant,https://github.com/caarmen/poet-assistant,77.0,11.0,github.com,Dictionary and TTS tools for editing poems,Writing,2016-02-21,2023-09-30
Budget Watch,https://github.com/brarcher/budget-watch,82.0,45.0,github.com,Help manage your personal budget,Money,2016-02-09,2019-10-06
SexyTopo,https://github.com/richsmith/sexytopo,28.0,14.0,github.com,Assist in cave surveying,Science & Education,2016-02-04,2023-09-30
Termux:Widget,https://github.com/termux/termux-widget,811.0,89.0,github.com,Launch Termux commands from the homescreen,System,2016-01-30,2021-09-27
Nextcloud Notes,https://github.com/nextcloud/notes-android,875.0,130.0,github.com,View and edit notes on Nextcloud,"Internet, Writing",2016-01-29,2023-09-30
SysLog,https://github.com/Tortel/SysLog,169.0,74.0,github.com,Capture log files,System,2016-01-27,2024-01-30
Lexica,https://github.com/lexica/lexica,277.0,89.0,github.com,Find as many words as possible on a grid of random letters within a time limit,Games,2016-01-11,2024-02-11
Dicer (Privacy Friendly),https://github.com/SecUSo/privacy-friendly-dicer,17.0,15.0,github.com,Roll dices,Games,2016-01-04,2023-10-27
Torchlight (Privacy Friendly),https://github.com/SecUSo/privacy-friendly-torchlight,24.0,9.0,github.com,Use LED flash as torchlight,System,2016-01-04,2023-10-27
SimpleTextCrypt,https://github.com/aidin36/simpletextcrypt,26.0,5.0,github.com,Encrypts plain text using AES256,Security,2015-12-08,2023-09-06
VitoshaDM,https://github.com/VelbazhdSoftwareLLC/VitoshaDM,5.0,1.0,github.com,Helps you to make decisions,Games,2015-12-03,2015-12-03
Termux:API,https://github.com/termux/termux-api,1875.0,407.0,github.com,Access Android functions from Termux,"Development, System",2015-12-01,2022-01-05
NewPipe,https://github.com/TeamNewPipe/NewPipe,27818.0,2847.0,github.com,Lightweight YouTube frontend,"Internet, Multimedia",2015-09-09,2023-08-10
Tux Paint,https://github.com/tux4kids/Tuxpaint-Android,47.0,29.0,github.com,A drawing program for children.,"Graphics, Science & Education",2015-09-07,2024-02-11
Easy Xkcd,https://github.com/tom-anders/Easy_xkcd,161.0,40.0,github.com,Easy xkcd is an Open Source reader for xkcd,Reading,2015-07-28,2023-10-08
Goblim,https://git.mob-dev.fr/Schoumi/Goblim,,,git.mob-dev.fr,Share your photos,Internet,2015-07-28,2017-10-18
Kolab Notes,https://github.com/konradrenner/kolabnotes-android,68.0,18.0,github.com,Write notes and sync them with Kolab,Writing,2015-07-01,2023-10-10
Shaarlier,https://github.com/dimtion/Shaarlier,93.0,12.0,github.com,Share links on Shaarli,Internet,2015-05-16,2020-09-24
TripleCamel,https://github.com/ebaschiera/TripleCamel,44.0,4.0,github.com,Check price history of Amazon products,"Internet, Money",2015-05-07,2022-11-15
Kore,https://github.com/xbmc/Kore,609.0,253.0,github.com,"Kore, Official Remote for Kodi",Multimedia,2015-03-22,2024-01-26
Grazer Linuxtage Schedule,https://github.com/linuxtage/EventFahrplan,0.0,0.0,github.com,"Browse the ""Grazer Linuxtage"" schedule",Time,2015-03-21,2023-02-25
OSRS Helper,https://github.com/OSRSHelper/OSRSHelper,18.0,4.0,github.com,View your RuneScape stats,Games,2015-02-02,2016-11-26
Rtl-sdr driver,https://github.com/martinmarinov/rtl_tcp_andro-,316.0,118.0,github.com,Port of rtl-sdr's rtl_tcp,Development,2014-12-02,2023-10-12
Hungarian Rings for Android,https://github.com/VelbazhdSoftwareLLC/HungarianRingsForAndroid,4.0,1.0,github.com,Puzzle game,Games,2014-11-30,2019-02-03
Sensors Sandbox,https://github.com/mustafa01ali/SensorsSandbox,38.0,8.0,github.com,Probe available sensors,Connectivity,2014-11-10,2016-07-13
DualSim Reminder,https://github.com/mobimentum/dualsimreminder,6.0,5.0,github.com,Tools for dual SIM devices from Samsung,Phone & SMS,2014-10-27,2021-06-24
Avare FOSS,https://github.com/apps4av/avare,140.0,117.0,github.com,Aviation map,Navigation,2014-08-12,2022-07-05
Liquid Wars OS,https://github.com/xenris/liquid-wars-android,0.0,0.0,github.com,Liquid War game remake,Games,2014-04-29,2014-12-20
wallabag,https://github.com/wallabag/android-app,443.0,258.0,github.com,"Save and classify articles, read them later, freely","Internet, Reading",2014-03-06,2023-11-20
Easy Open Link,https://codeberg.org/marc.nause/easyopenlink,7.0,2.0,codeberg.org,Open URLs via select and share,System,2014-02-22,2024-02-28
Track Work Time,https://github.com/mathisdt/trackworktime,117.0,30.0,github.com,Record your work time. Categorize it with different tasks. Generate reports.,Time,2013-12-11,2024-01-07
Paper Wallet,https://github.com/ValleZ/Paper-Wallet,62.0,29.0,github.com,Totally offline and secure bitcoin paper wallet,Money,2013-12-09,2017-04-17
Picard Barcode Scanner,https://github.com/phw/PicardBarcodeScanner,18.0,6.0,github.com,Simplifies tagging your CDs and LPs with MusicBrainz Picard,Multimedia,2013-04-26,2024-02-24
Periodical,https://github.com/arnowelzel/periodical,110.0,41.0,github.com,Menstrual/period calendar,Science & Education,2013-03-22,2023-10-25
AFWall+,https://github.com/ukanth/afwall,2607.0,442.0,github.com,Control network traffic,"Internet, Security",2013-03-19,2023-09-12
Weechat-Android,https://github.com/ubergeek42/weechat-android,512.0,107.0,github.com,Relay client for the WeeChat IRC client.,Internet,2013-03-05,2024-02-11
NXT Remote Control,https://github.com/jfedor2/nxt-remote-control,31.0,25.0,github.com,Control Lego robots,Science & Education,2013-03-04,2023-07-09
Vanilla Music,https://github.com/vanilla-music/vanilla,1114.0,288.0,github.com,Listen to and manage songs,Multimedia,2012-10-03,2024-01-30
Dots'n'Boxes,https://github.com/StefanOltmann/Kaesekaestchen,7.0,5.0,github.com,Classic puzzle game,Games,2012-09-26,2023-09-01
Vlille Checker,https://github.com/ojacquemart/vlilleChecker,13.0,12.0,github.com,Bicycle info for Lille,Navigation,2012-09-18,2022-10-17
Chroma Doze,https://github.com/pmarks-net/chromadoze,79.0,12.0,github.com,Noise generator,Multimedia,2012-08-29,2023-02-09
MorbidMeter,https://github.com/mannd/morbidmeter-android,6.0,0.0,github.com,Life expectancy widget,Science & Education,2012-08-23,2021-06-24
EP Mobile,https://github.com/mannd/epmobile,21.0,7.0,github.com,Medical tools,Sports & Health,2012-08-23,2022-10-15
mOTP,https://github.com/chrismiceli/motp,12.0,4.0,github.com,One-time password generator,Security,2012-08-23,2022-05-02
RPN,https://github.com/lpar/RPN,13.0,18.0,github.com,Reverse Polish Notation Calculator,Science & Education,2012-02-11,2012-10-11
DAAP,https://github.com/chrismiceli/daap-client,8.0,5.0,github.com,DAAP (Music/media sharing) Client,Multimedia,2011-01-27,2022-12-05
KeePassDroid,https://github.com/bpellin/keepassdroid,1361.0,347.0,github.com,KeePass-compatible password safe,Security,2010-11-13,2022-10-09
